PART_ID,WORK_STRT_DTTM,WORK_END_DTTM,WORK_END_RESN,EXEC_ID
1,2024-04-29,2024-04-29,Fin de journée,12345
2,2024-04-29,2024-04-29,Fin de journée,12345
3,2024-04-29,2024-04-29,Fin de journée,12345
4,2024-04-29,2024-04-29,Fin de journée,12345
5,2024-04-29,2024-04-29,Fin de journée,12345
6,2024-04-29,2024-04-29,Fin de journée,12345
7,2024-04-29,2024-04-29,Fin de journée,12345
8,2024-04-29,2024-04-29,Fin de journée,12345
9,2024-04-29,2024-04-29,Fin de journée,12345
10,2024-04-29,2024-04-29,Fin de journée,12345
11,2024-04-29,2024-04-29,Fin de journée,12345
12,2024-04-29,2024-04-29,Fin de journée,12345
13,2024-04-29,2024-04-29,Fin de journée,12345
14,2024-04-29,2024-04-29,Fin de journée,12345
15,2024-04-29,2024-04-29,Fin de journée,12345
16,2024-04-29,2024-04-29,Fin de journée,12345
17,2024-04-29,2024-04-29,Fin de journée,12345
18,2024-04-29,2024-04-29,Fin de journée,12345
19,2024-04-29,2024-04-29,Fin de journée,12345
20,2024-04-29,2024-04-29,Fin de journée,12345
21,2024-04-29,2024-04-29,Fin de journée,12345
22,2024-04-29,2024-04-29,Fin de journée,12345
23,2024-04-29,2024-04-29,Fin de journée,12345
24,2024-04-29,2024-04-29,Fin de journée,12345
25,2024-04-29,2024-04-29,Fin de journée,12345
26,2024-04-29,2024-04-29,Fin de journée,12345
27,2024-04-29,2024-04-29,Fin de journée,12345
28,2024-04-29,2024-04-29,Fin de journée,12345
29,2024-04-29,2024-04-29,Fin de journée,12345
30,2024-04-29,2024-04-29,Fin de journée,12345
31,2024-04-29,2024-04-29,Fin de journée,12345
32,2024-04-29,2024-04-29,Fin de journée,12345
33,2024-04-29,2024-04-29,Fin de journée,12345
34,2024-04-29,2024-04-29,Fin de journée,12345
35,2024-04-29,2024-04-29,Fin de journée,12345
36,2024-04-29,2024-04-29,Fin de journée,12345
37,2024-04-29,2024-04-29,Fin de journée,12345
38,2024-04-29,2024-04-29,Fin de journée,12345
39,2024-04-29,2024-04-29,Fin de journée,12345
40,2024-04-29,2024-04-29,Fin de journée,12345
41,2024-04-29,2024-04-29,Fin de journée,12345
42,2024-04-29,2024-04-29,Fin de journée,12345
43,2024-04-29,2024-04-29,Fin de journée,12345
44,2024-04-29,2024-04-29,Fin de journée,12345
45,2024-04-29,2024-04-29,Fin de journée,12345
46,2024-04-29,2024-04-29,Fin de journée,12345
47,2024-04-29,2024-04-29,Fin de journée,12345
48,2024-04-29,2024-04-29,Fin de journée,12345
49,2024-04-29,2024-04-29,Fin de journée,12345
50,2024-04-29,2024-04-29,Fin de journée,12345
51,2024-04-29,2024-04-29,Fin de journée,12345
52,2024-04-29,2024-04-29,Fin de journée,12345
53,2024-04-29,2024-04-29,Fin de journée,12345
54,2024-04-29,2024-04-29,Fin de journée,12345
55,2024-04-29,2024-04-29,Fin de journée,12345
56,2024-04-29,2024-04-29,Fin de journée,12345
57,2024-04-29,2024-04-29,Fin de journée,12345
58,2024-04-29,2024-04-29,Fin de journée,12345
59,2024-04-29,2024-04-29,Fin de journée,12345
60,2024-04-29,2024-04-29,Fin de journée,12345
61,2024-04-29,2024-04-29,Fin de journée,12345
62,2024-04-29,2024-04-29,Fin de journée,12345
63,2024-04-29,2024-04-29,Fin de journée,12345
64,2024-04-29,2024-04-29,Fin de journée,12345
65,2024-04-29,2024-04-29,Fin de journée,12345
66,2024-04-29,2024-04-29,Fin de journée,12345
67,2024-04-29,2024-04-29,Fin de journée,12345
68,2024-04-29,2024-04-29,Fin de journée,12345
69,2024-04-29,2024-04-29,Fin de journée,12345
70,2024-04-29,2024-04-29,Fin de journée,12345
71,2024-04-29,2024-04-29,Fin de journée,12345
72,2024-04-29,2024-04-29,Fin de journée,12345
73,2024-04-29,2024-04-29,Fin de journée,12345
74,2024-04-29,2024-04-29,Fin de journée,12345
75,2024-04-29,2024-04-29,Fin de journée,12345
76,2024-04-29,2024-04-29,Fin de journée,12345
77,2024-04-29,2024-04-29,Fin de journée,12345
78,2024-04-29,2024-04-29,Fin de journée,12345
79,2024-04-29,2024-04-29,Fin de journée,12345
80,2024-04-29,2024-04-29,Fin de journée,12345
81,2024-04-29,2024-04-29,Fin de journée,12345
82,2024-04-29,2024-04-29,Fin de journée,12345
83,2024-04-29,2024-04-29,Fin de journée,12345
84,2024-04-29,2024-04-29,Fin de journée,12345
85,2024-04-29,2024-04-29,Fin de journée,12345
86,2024-04-29,2024-04-29,Fin de journée,12345
87,2024-04-29,2024-04-29,Fin de journée,12345
88,2024-04-29,2024-04-29,Fin de journée,12345
89,2024-04-29,2024-04-29,Fin de journée,12345
90,2024-04-29,2024-04-29,Fin de journée,12345
91,2024-04-29,2024-04-29,Fin de journée,12345
92,2024-04-29,2024-04-29,Fin de journée,12345
93,2024-04-29,2024-04-29,Fin de journée,12345
94,2024-04-29,2024-04-29,Fin de journée,12345
95,2024-04-29,2024-04-29,Fin de journée,12345
96,2024-04-29,2024-04-29,Fin de journée,12345
97,2024-04-29,2024-04-29,Fin de journée,12345
98,2024-04-29,2024-04-29,Fin de journée,12345
99,2024-04-29,2024-04-29,Fin de journée,12345
100,2024-04-29,2024-04-29,Fin de journée,12345
