ROOM_NUM,ROOM_NAME,FLOOR_NUM,BULD_NAME,ROOM_TYP,ROOM_DAY_RATE,CRTN_DT,EXEC_ID
0,A001,0,A,Type 1,15,1999-03-01,12345
1,A002,0,A,Type 1,15,1999-03-01,12345
2,A003,0,A,Type 2,20,1999-03-01,12345
3,A004,0,A,Type 2,10,1999-03-01,12345
4,A005,0,A,Type 2,15,1999-03-01,12345
5,A006,0,A,Type 1,20,1999-03-01,12345
6,A007,0,A,Type 2,15,1999-03-01,12345
7,A008,0,A,Type 2,10,1999-03-01,12345
8,A009,0,A,Type 1,20,1999-03-01,12345
9,A010,0,A,Type 3,20,1999-03-01,12345
10,A101,1,A,Type 2,15,1999-03-01,12345
11,A102,1,A,Type 3,15,1999-03-01,12345
12,A103,1,A,Type 1,15,1999-03-01,12345
13,A104,1,A,Type 2,15,1999-03-01,12345
14,A105,1,A,Type 3,15,1999-03-01,12345
15,A106,1,A,Type 1,15,1999-03-01,12345
16,A107,1,A,Type 2,10,1999-03-01,12345
17,A108,1,A,Type 2,10,1999-03-01,12345
18,A109,1,A,Type 3,20,1999-03-01,12345
19,A110,1,A,Type 3,15,1999-03-01,12345
20,A111,1,A,Type 3,15,1999-03-01,12345
21,A112,1,A,Type 1,30,1999-03-01,12345
22,A113,1,A,Type 2,10,1999-03-01,12345
23,A114,1,A,Type 1,10,1999-03-01,12345
24,A115,1,A,Type 2,10,1999-03-01,12345
25,A116,1,A,Type 2,10,1999-03-01,12345
26,A117,1,A,Type 2,10,1999-03-01,12345
27,A118,1,A,Type 2,15,1999-03-01,12345
28,A119,1,A,Type 1,10,1999-03-01,12345
29,A120,1,A,Type 4,20,1999-03-01,12345
30,A121,1,A,Type 1,10,1999-03-01,12345
31,A122,1,A,Type 2,10,1999-03-01,12345
32,A123,1,A,Type 2,15,1999-03-01,12345
33,A124,1,A,Type 1,10,1999-03-01,12345
34,A125,1,A,Type 1,15,1999-03-01,12345
35,A126,1,A,Type 1,25,1999-03-01,12345
36,A127,1,A,Type 3,15,1999-03-01,12345
37,A128,1,A,Type 1,15,1999-03-01,12345
38,A129,1,A,Type 3,10,1999-03-01,12345
39,A130,1,A,Type 2,10,1999-03-01,12345
40,A131,1,A,Type 5,15,1999-03-01,12345
41,A132,1,A,Type 1,10,1999-03-01,12345
42,A133,1,A,Type 2,15,1999-03-01,12345
43,A134,1,A,Type 2,20,1999-03-01,12345
44,A135,1,A,Type 1,15,1999-03-01,12345
45,A136,1,A,Type 1,20,1999-03-01,12345
46,A137,1,A,Type 1,15,1999-03-01,12345
47,A138,1,A,Type 1,10,1999-03-01,12345
48,A139,1,A,Type 1,10,1999-03-01,12345
49,A140,1,A,Type 1,20,1999-03-01,12345
50,A141,1,A,Type 2,10,1999-03-01,12345
51,A142,1,A,Type 2,10,1999-03-01,12345
52,A143,1,A,Type 4,25,1999-03-01,12345
53,A144,1,A,Type 1,10,1999-03-01,12345
54,A145,1,A,Type 1,10,1999-03-01,12345
55,A146,1,A,Type 1,15,1999-03-01,12345
56,A147,1,A,Type 2,10,1999-03-01,12345
57,A148,1,A,Type 3,25,1999-03-01,12345
58,A149,1,A,Type 2,15,1999-03-01,12345
59,A150,1,A,Type 5,10,1999-03-01,12345
60,A201,2,A,Type 1,10,1999-03-01,12345
61,A202,2,A,Type 1,15,1999-03-01,12345
62,A203,2,A,Type 1,20,1999-03-01,12345
63,A204,2,A,Type 1,20,1999-03-01,12345
64,A205,2,A,Type 1,10,1999-03-01,12345
65,A206,2,A,Type 2,10,1999-03-01,12345
66,A207,2,A,Type 2,20,1999-03-01,12345
67,A208,2,A,Type 2,10,1999-03-01,12345
68,A209,2,A,Type 2,10,1999-03-01,12345
69,A210,2,A,Type 2,15,1999-03-01,12345
70,A211,2,A,Type 2,10,1999-03-01,12345
71,A212,2,A,Type 3,25,1999-03-01,12345
72,A213,2,A,Type 1,10,1999-03-01,12345
73,A214,2,A,Type 1,15,1999-03-01,12345
74,A215,2,A,Type 1,15,1999-03-01,12345
75,A216,2,A,Type 2,10,1999-03-01,12345
76,A217,2,A,Type 1,15,1999-03-01,12345
77,A218,2,A,Type 2,15,1999-03-01,12345
78,A219,2,A,Type 1,10,1999-03-01,12345
79,A220,2,A,Type 1,25,1999-03-01,12345
80,A221,2,A,Type 1,20,1999-03-01,12345
81,A222,2,A,Type 1,20,1999-03-01,12345
82,A223,2,A,Type 2,10,1999-03-01,12345
83,A224,2,A,Type 1,10,1999-03-01,12345
84,A225,2,A,Type 2,10,1999-03-01,12345
85,A226,2,A,Type 3,10,1999-03-01,12345
86,A227,2,A,Type 1,20,1999-03-01,12345
87,A228,2,A,Type 2,20,1999-03-01,12345
88,A229,2,A,Type 1,20,1999-03-01,12345
89,A230,2,A,Type 3,10,1999-03-01,12345
90,A231,2,A,Type 1,10,1999-03-01,12345
91,A232,2,A,Type 1,15,1999-03-01,12345
92,A233,2,A,Type 1,10,1999-03-01,12345
93,A234,2,A,Type 2,10,1999-03-01,12345
94,A235,2,A,Type 2,15,1999-03-01,12345
95,A236,2,A,Type 1,15,1999-03-01,12345
96,A237,2,A,Type 1,15,1999-03-01,12345
97,A238,2,A,Type 2,20,1999-03-01,12345
98,A239,2,A,Type 3,20,1999-03-01,12345
99,A240,2,A,Type 1,20,1999-03-01,12345
100,B001,0,B,Type 1,15,2004-07-01,12345
101,B002,0,B,Type 1,15,2004-07-01,12345
102,B003,0,B,Type 3,20,2004-07-01,12345
103,B004,0,B,Type 4,10,2004-07-01,12345
104,B005,0,B,Type 2,20,2004-07-01,12345
105,B006,0,B,Type 2,35,2004-07-01,12345
106,B007,0,B,Type 2,25,2004-07-01,12345
107,B008,0,B,Type 3,30,2004-07-01,12345
108,B009,0,B,Type 1,20,2004-07-01,12345
109,B010,0,B,Type 1,15,2004-07-01,12345
110,B011,0,B,Type 4,10,2004-07-01,12345
111,B012,0,B,Type 1,20,2004-07-01,12345
112,B013,0,B,Type 3,10,2004-07-01,12345
113,B014,0,B,Type 2,30,2004-07-01,12345
114,B015,0,B,Type 1,20,2004-07-01,12345
115,B016,0,B,Type 2,20,2004-07-01,12345
116,B017,0,B,Type 1,20,2004-07-01,12345
117,B018,0,B,Type 1,20,2004-07-01,12345
118,B019,0,B,Type 2,15,2004-07-01,12345
119,B020,0,B,Type 1,30,2004-07-01,12345
120,B101,1,B,Type 3,20,2004-07-01,12345
121,B102,1,B,Type 3,25,2004-07-01,12345
122,B103,1,B,Type 3,10,2004-07-01,12345
123,B104,1,B,Type 1,25,2004-07-01,12345
124,B105,1,B,Type 3,25,2004-07-01,12345
125,B106,1,B,Type 1,10,2004-07-01,12345
126,B107,1,B,Type 2,20,2004-07-01,12345
127,B108,1,B,Type 2,20,2004-07-01,12345
128,B109,1,B,Type 4,20,2004-07-01,12345
129,B110,1,B,Type 3,30,2004-07-01,12345
130,B111,1,B,Type 2,30,2004-07-01,12345
131,B112,1,B,Type 1,25,2004-07-01,12345
132,B113,1,B,Type 5,10,2004-07-01,12345
133,B114,1,B,Type 1,25,2004-07-01,12345
134,B115,1,B,Type 1,15,2004-07-01,12345
135,B116,1,B,Type 1,20,2004-07-01,12345
136,B117,1,B,Type 2,20,2004-07-01,12345
137,B118,1,B,Type 1,25,2004-07-01,12345
138,B119,1,B,Type 1,30,2004-07-01,12345
139,B120,1,B,Type 3,15,2004-07-01,12345
140,B121,1,B,Type 2,20,2004-07-01,12345
141,B122,1,B,Type 4,20,2004-07-01,12345
142,B123,1,B,Type 2,20,2004-07-01,12345
143,B124,1,B,Type 2,25,2004-07-01,12345
144,B125,1,B,Type 2,20,2004-07-01,12345
145,B126,1,B,Type 1,15,2004-07-01,12345
146,B127,1,B,Type 1,30,2004-07-01,12345
147,B128,1,B,Type 2,15,2004-07-01,12345
148,B129,1,B,Type 1,25,2004-07-01,12345
149,B130,1,B,Type 3,15,2004-07-01,12345
150,B131,1,B,Type 1,25,2004-07-01,12345
151,B132,1,B,Type 1,25,2004-07-01,12345
152,B133,1,B,Type 2,30,2004-07-01,12345
153,B134,1,B,Type 3,15,2004-07-01,12345
154,B135,1,B,Type 1,15,2004-07-01,12345
155,B136,1,B,Type 2,25,2004-07-01,12345
156,B137,1,B,Type 1,10,2004-07-01,12345
157,B138,1,B,Type 2,35,2004-07-01,12345
158,B139,1,B,Type 2,35,2004-07-01,12345
159,B140,1,B,Type 2,20,2004-07-01,12345
160,B141,1,B,Type 1,25,2004-07-01,12345
161,B142,1,B,Type 1,25,2004-07-01,12345
162,B143,1,B,Type 2,20,2004-07-01,12345
163,B144,1,B,Type 2,20,2004-07-01,12345
164,B145,1,B,Type 2,15,2004-07-01,12345
165,B146,1,B,Type 2,25,2004-07-01,12345
166,B147,1,B,Type 1,20,2004-07-01,12345
167,B148,1,B,Type 1,20,2004-07-01,12345
168,B149,1,B,Type 1,35,2004-07-01,12345
169,B150,1,B,Type 2,20,2004-07-01,12345
170,B151,1,B,Type 2,30,2004-07-01,12345
171,B152,1,B,Type 1,15,2004-07-01,12345
172,B153,1,B,Type 2,25,2004-07-01,12345
173,B154,1,B,Type 2,15,2004-07-01,12345
174,B155,1,B,Type 4,20,2004-07-01,12345
175,B156,1,B,Type 1,30,2004-07-01,12345
176,B157,1,B,Type 1,15,2004-07-01,12345
177,B158,1,B,Type 4,15,2004-07-01,12345
178,B159,1,B,Type 3,25,2004-07-01,12345
179,B160,1,B,Type 1,25,2004-07-01,12345
180,B161,1,B,Type 4,20,2004-07-01,12345
181,B162,1,B,Type 3,20,2004-07-01,12345
182,B163,1,B,Type 1,15,2004-07-01,12345
183,B164,1,B,Type 2,15,2004-07-01,12345
184,B165,1,B,Type 2,20,2004-07-01,12345
185,B166,1,B,Type 1,15,2004-07-01,12345
186,B167,1,B,Type 3,20,2004-07-01,12345
187,B168,1,B,Type 3,30,2004-07-01,12345
188,B169,1,B,Type 2,25,2004-07-01,12345
189,B170,1,B,Type 3,20,2004-07-01,12345
190,B171,1,B,Type 2,50,2004-07-01,12345
191,B172,1,B,Type 2,10,2004-07-01,12345
192,B173,1,B,Type 1,15,2004-07-01,12345
193,B174,1,B,Type 2,30,2004-07-01,12345
194,B175,1,B,Type 2,15,2004-07-01,12345
195,B176,1,B,Type 1,20,2004-07-01,12345
196,B177,1,B,Type 2,15,2004-07-01,12345
197,B178,1,B,Type 3,25,2004-07-01,12345
198,B179,1,B,Type 2,15,2004-07-01,12345
199,B180,1,B,Type 2,35,2004-07-01,12345
200,B201,2,B,Type 1,15,2004-07-01,12345
201,B202,2,B,Type 1,25,2004-07-01,12345
202,B203,2,B,Type 1,30,2004-07-01,12345
203,B204,2,B,Type 2,15,2004-07-01,12345
204,B205,2,B,Type 1,20,2004-07-01,12345
205,B206,2,B,Type 1,10,2004-07-01,12345
206,B207,2,B,Type 2,20,2004-07-01,12345
207,B208,2,B,Type 1,20,2004-07-01,12345
208,B209,2,B,Type 4,20,2004-07-01,12345
209,B210,2,B,Type 1,25,2004-07-01,12345
210,B211,2,B,Type 2,20,2004-07-01,12345
211,B212,2,B,Type 2,20,2004-07-01,12345
212,B213,2,B,Type 1,10,2004-07-01,12345
213,B214,2,B,Type 5,15,2004-07-01,12345
214,B215,2,B,Type 2,20,2004-07-01,12345
215,B216,2,B,Type 1,10,2004-07-01,12345
216,B217,2,B,Type 2,25,2004-07-01,12345
217,B218,2,B,Type 2,15,2004-07-01,12345
218,B219,2,B,Type 2,20,2004-07-01,12345
219,B220,2,B,Type 2,20,2004-07-01,12345
220,B221,2,B,Type 1,10,2004-07-01,12345
221,B222,2,B,Type 3,20,2004-07-01,12345
222,B223,2,B,Type 1,20,2004-07-01,12345
223,B224,2,B,Type 1,15,2004-07-01,12345
224,B225,2,B,Type 3,25,2004-07-01,12345
225,B226,2,B,Type 1,30,2004-07-01,12345
226,B227,2,B,Type 1,10,2004-07-01,12345
227,B228,2,B,Type 1,20,2004-07-01,12345
228,B229,2,B,Type 3,15,2004-07-01,12345
229,B230,2,B,Type 1,30,2004-07-01,12345
230,B231,2,B,Type 1,25,2004-07-01,12345
231,B232,2,B,Type 2,15,2004-07-01,12345
232,B233,2,B,Type 3,15,2004-07-01,12345
233,B234,2,B,Type 2,25,2004-07-01,12345
234,B235,2,B,Type 1,15,2004-07-01,12345
235,B236,2,B,Type 1,25,2004-07-01,12345
236,B237,2,B,Type 2,10,2004-07-01,12345
237,B238,2,B,Type 5,35,2004-07-01,12345
238,B239,2,B,Type 3,10,2004-07-01,12345
239,B240,2,B,Type 1,20,2004-07-01,12345
240,B241,2,B,Type 1,15,2004-07-01,12345
241,B242,2,B,Type 2,25,2004-07-01,12345
242,B243,2,B,Type 2,20,2004-07-01,12345
243,B244,2,B,Type 3,25,2004-07-01,12345
244,B245,2,B,Type 4,35,2004-07-01,12345
245,B246,2,B,Type 4,20,2004-07-01,12345
246,B247,2,B,Type 4,20,2004-07-01,12345
247,B248,2,B,Type 3,15,2004-07-01,12345
248,B249,2,B,Type 5,20,2004-07-01,12345
249,B250,2,B,Type 1,20,2004-07-01,12345
250,B251,2,B,Type 1,15,2004-07-01,12345
251,B252,2,B,Type 1,20,2004-07-01,12345
252,B253,2,B,Type 2,15,2004-07-01,12345
253,B254,2,B,Type 3,15,2004-07-01,12345
254,B255,2,B,Type 2,15,2004-07-01,12345
255,B256,2,B,Type 2,30,2004-07-01,12345
256,B257,2,B,Type 3,20,2004-07-01,12345
257,B258,2,B,Type 2,15,2004-07-01,12345
258,B259,2,B,Type 2,25,2004-07-01,12345
259,B260,2,B,Type 1,15,2004-07-01,12345
260,B261,2,B,Type 1,15,2004-07-01,12345
261,B262,2,B,Type 2,15,2004-07-01,12345
262,B263,2,B,Type 1,15,2004-07-01,12345
263,B264,2,B,Type 1,25,2004-07-01,12345
264,B265,2,B,Type 1,30,2004-07-01,12345
265,B266,2,B,Type 1,10,2004-07-01,12345
266,B267,2,B,Type 1,15,2004-07-01,12345
267,B268,2,B,Type 2,15,2004-07-01,12345
268,B269,2,B,Type 1,20,2004-07-01,12345
269,B270,2,B,Type 1,25,2004-07-01,12345
270,B271,2,B,Type 1,25,2004-07-01,12345
271,B272,2,B,Type 2,25,2004-07-01,12345
272,B273,2,B,Type 1,25,2004-07-01,12345
273,B274,2,B,Type 1,20,2004-07-01,12345
274,B275,2,B,Type 3,25,2004-07-01,12345
275,B276,2,B,Type 3,15,2004-07-01,12345
276,B277,2,B,Type 1,20,2004-07-01,12345
277,B278,2,B,Type 3,25,2004-07-01,12345
278,B279,2,B,Type 1,20,2004-07-01,12345
279,B280,2,B,Type 2,35,2004-07-01,12345
280,B281,2,B,Type 2,20,2004-07-01,12345
281,B282,2,B,Type 4,30,2004-07-01,12345
282,B283,2,B,Type 2,20,2004-07-01,12345
283,B284,2,B,Type 1,30,2004-07-01,12345
284,B285,2,B,Type 1,10,2004-07-01,12345
285,B286,2,B,Type 3,15,2004-07-01,12345
286,B287,2,B,Type 2,25,2004-07-01,12345
287,B288,2,B,Type 3,10,2004-07-01,12345
288,B289,2,B,Type 3,15,2004-07-01,12345
289,B290,2,B,Type 2,30,2004-07-01,12345
290,B291,2,B,Type 1,15,2004-07-01,12345
291,B292,2,B,Type 2,20,2004-07-01,12345
292,B293,2,B,Type 2,20,2004-07-01,12345
293,B294,2,B,Type 2,15,2004-07-01,12345
294,B295,2,B,Type 2,15,2004-07-01,12345
295,B296,2,B,Type 3,30,2004-07-01,12345
296,B297,2,B,Type 2,15,2004-07-01,12345
297,B298,2,B,Type 3,20,2004-07-01,12345
298,B299,2,B,Type 3,15,2004-07-01,12345
299,B301,3,B,Type 2,10,2004-07-01,12345
300,B302,3,B,Type 2,20,2004-07-01,12345
301,B303,3,B,Type 1,10,2004-07-01,12345
302,B304,3,B,Type 1,20,2004-07-01,12345
303,B305,3,B,Type 1,20,2004-07-01,12345
304,B306,3,B,Type 1,20,2004-07-01,12345
305,B307,3,B,Type 3,15,2004-07-01,12345
306,B308,3,B,Type 1,20,2004-07-01,12345
307,B309,3,B,Type 1,15,2004-07-01,12345
308,B310,3,B,Type 4,20,2004-07-01,12345
309,B311,3,B,Type 2,20,2004-07-01,12345
310,B312,3,B,Type 3,35,2004-07-01,12345
311,B313,3,B,Type 4,25,2004-07-01,12345
312,B314,3,B,Type 1,15,2004-07-01,12345
313,B315,3,B,Type 1,30,2004-07-01,12345
314,B316,3,B,Type 1,15,2004-07-01,12345
315,B317,3,B,Type 3,20,2004-07-01,12345
316,B318,3,B,Type 2,40,2004-07-01,12345
317,B319,3,B,Type 5,10,2004-07-01,12345
318,B320,3,B,Type 3,15,2004-07-01,12345
319,B321,3,B,Type 1,25,2004-07-01,12345
320,B322,3,B,Type 4,15,2004-07-01,12345
321,B323,3,B,Type 1,35,2004-07-01,12345
322,B324,3,B,Type 1,30,2004-07-01,12345
323,B325,3,B,Type 2,10,2004-07-01,12345
324,B326,3,B,Type 5,15,2004-07-01,12345
325,B327,3,B,Type 2,10,2004-07-01,12345
326,B328,3,B,Type 1,20,2004-07-01,12345
327,B329,3,B,Type 2,15,2004-07-01,12345
328,B330,3,B,Type 1,25,2004-07-01,12345
329,B331,3,B,Type 3,10,2004-07-01,12345
330,B332,3,B,Type 2,20,2004-07-01,12345
331,B333,3,B,Type 4,15,2004-07-01,12345
332,B334,3,B,Type 2,25,2004-07-01,12345
333,B335,3,B,Type 3,20,2004-07-01,12345
334,B336,3,B,Type 3,10,2004-07-01,12345
335,B337,3,B,Type 1,10,2004-07-01,12345
336,B338,3,B,Type 2,25,2004-07-01,12345
337,B339,3,B,Type 1,20,2004-07-01,12345
338,B340,3,B,Type 1,25,2004-07-01,12345
339,B341,3,B,Type 1,30,2004-07-01,12345
340,B342,3,B,Type 2,10,2004-07-01,12345
341,B343,3,B,Type 1,30,2004-07-01,12345
342,B344,3,B,Type 1,15,2004-07-01,12345
343,B345,3,B,Type 1,10,2004-07-01,12345
344,B346,3,B,Type 2,20,2004-07-01,12345
345,B347,3,B,Type 1,15,2004-07-01,12345
346,B348,3,B,Type 2,15,2004-07-01,12345
347,B349,3,B,Type 3,10,2004-07-01,12345
348,B350,3,B,Type 2,20,2004-07-01,12345
349,B351,3,B,Type 1,30,2004-07-01,12345
350,B352,3,B,Type 2,25,2004-07-01,12345
351,B353,3,B,Type 2,10,2004-07-01,12345
352,B354,3,B,Type 2,20,2004-07-01,12345
353,B355,3,B,Type 3,25,2004-07-01,12345
354,B356,3,B,Type 1,25,2004-07-01,12345
355,B357,3,B,Type 1,20,2004-07-01,12345
356,B358,3,B,Type 2,25,2004-07-01,12345
357,B359,3,B,Type 3,15,2004-07-01,12345
358,B360,3,B,Type 3,25,2004-07-01,12345
359,B361,3,B,Type 1,20,2004-07-01,12345
360,B362,3,B,Type 2,15,2004-07-01,12345
361,B363,3,B,Type 1,35,2004-07-01,12345
362,B364,3,B,Type 3,30,2004-07-01,12345
363,B365,3,B,Type 1,35,2004-07-01,12345
364,B366,3,B,Type 3,10,2004-07-01,12345
365,B367,3,B,Type 1,20,2004-07-01,12345
366,B368,3,B,Type 1,20,2004-07-01,12345
367,B369,3,B,Type 2,15,2004-07-01,12345
368,B370,3,B,Type 5,10,2004-07-01,12345
369,B371,3,B,Type 2,10,2004-07-01,12345
370,B372,3,B,Type 2,30,2004-07-01,12345
371,B373,3,B,Type 1,10,2004-07-01,12345
372,B374,3,B,Type 1,15,2004-07-01,12345
373,B375,3,B,Type 1,20,2004-07-01,12345
374,B376,3,B,Type 1,15,2004-07-01,12345
375,B377,3,B,Type 1,30,2004-07-01,12345
376,B378,3,B,Type 1,10,2004-07-01,12345
377,B379,3,B,Type 4,15,2004-07-01,12345
378,B380,3,B,Type 2,25,2004-07-01,12345
379,B381,3,B,Type 2,10,2004-07-01,12345
380,B382,3,B,Type 1,20,2004-07-01,12345
381,B383,3,B,Type 3,15,2004-07-01,12345
382,B384,3,B,Type 2,25,2004-07-01,12345
383,B385,3,B,Type 4,15,2004-07-01,12345
384,B386,3,B,Type 1,20,2004-07-01,12345
385,B387,3,B,Type 1,20,2004-07-01,12345
386,B388,3,B,Type 2,25,2004-07-01,12345
387,B389,3,B,Type 2,35,2004-07-01,12345
388,B390,3,B,Type 1,10,2004-07-01,12345
389,B391,3,B,Type 2,25,2004-07-01,12345
390,B392,3,B,Type 2,15,2004-07-01,12345
391,B393,3,B,Type 1,15,2004-07-01,12345
392,B394,3,B,Type 2,30,2004-07-01,12345
393,B395,3,B,Type 2,20,2004-07-01,12345
394,B396,3,B,Type 1,35,2004-07-01,12345
395,B397,3,B,Type 3,35,2004-07-01,12345
396,B398,3,B,Type 3,20,2004-07-01,12345
397,C001,0,C,Type 1,20,2014-02-07,12345
398,C002,0,C,Type 2,20,2014-02-07,12345
399,C003,0,C,Type 3,30,2014-02-07,12345
400,C004,0,C,Type 1,20,2014-02-07,12345
401,C005,0,C,Type 2,25,2014-02-07,12345
402,C006,0,C,Type 1,20,2014-02-07,12345
403,C007,0,C,Type 1,10,2014-02-07,12345
404,C008,0,C,Type 1,10,2014-02-07,12345
405,C009,0,C,Type 1,25,2014-02-07,12345
406,C010,0,C,Type 4,25,2014-02-07,12345
407,C011,0,C,Type 2,15,2014-02-07,12345
408,C012,0,C,Type 2,25,2014-02-07,12345
409,C013,0,C,Type 4,10,2014-02-07,12345
410,C014,0,C,Type 3,30,2014-02-07,12345
411,C015,0,C,Type 1,20,2014-02-07,12345
412,C016,0,C,Type 1,10,2014-02-07,12345
413,C017,0,C,Type 3,20,2014-02-07,12345
414,C018,0,C,Type 1,30,2014-02-07,12345
415,C019,0,C,Type 2,10,2014-02-07,12345
416,C020,0,C,Type 1,20,2014-02-07,12345
417,C101,1,C,Type 2,30,2014-02-07,12345
418,C102,1,C,Type 1,15,2014-02-07,12345
419,C103,1,C,Type 1,20,2014-02-07,12345
420,C104,1,C,Type 2,20,2014-02-07,12345
421,C105,1,C,Type 2,10,2014-02-07,12345
422,C106,1,C,Type 2,15,2014-02-07,12345
423,C107,1,C,Type 2,35,2014-02-07,12345
424,C108,1,C,Type 4,15,2014-02-07,12345
425,C109,1,C,Type 2,15,2014-02-07,12345
426,C110,1,C,Type 1,10,2014-02-07,12345
427,C111,1,C,Type 2,20,2014-02-07,12345
428,C112,1,C,Type 2,20,2014-02-07,12345
429,C113,1,C,Type 1,10,2014-02-07,12345
430,C114,1,C,Type 3,20,2014-02-07,12345
431,C115,1,C,Type 1,10,2014-02-07,12345
432,C116,1,C,Type 1,25,2014-02-07,12345
433,C117,1,C,Type 2,15,2014-02-07,12345
434,C118,1,C,Type 2,25,2014-02-07,12345
435,C119,1,C,Type 1,10,2014-02-07,12345
436,C120,1,C,Type 1,15,2014-02-07,12345
437,C121,1,C,Type 2,20,2014-02-07,12345
438,C122,1,C,Type 3,20,2014-02-07,12345
439,C123,1,C,Type 2,25,2014-02-07,12345
440,C124,1,C,Type 2,15,2014-02-07,12345
441,C125,1,C,Type 1,25,2014-02-07,12345
442,C126,1,C,Type 3,10,2014-02-07,12345
443,C127,1,C,Type 2,15,2014-02-07,12345
444,C128,1,C,Type 2,15,2014-02-07,12345
445,C129,1,C,Type 4,20,2014-02-07,12345
446,C130,1,C,Type 2,25,2014-02-07,12345
447,C131,1,C,Type 1,15,2014-02-07,12345
448,C132,1,C,Type 2,20,2014-02-07,12345
449,C133,1,C,Type 3,15,2014-02-07,12345
450,C134,1,C,Type 1,15,2014-02-07,12345
451,C135,1,C,Type 1,15,2014-02-07,12345
452,C136,1,C,Type 1,20,2014-02-07,12345
453,C137,1,C,Type 1,20,2014-02-07,12345
454,C138,1,C,Type 1,25,2014-02-07,12345
455,C139,1,C,Type 2,25,2014-02-07,12345
456,C140,1,C,Type 3,20,2014-02-07,12345
457,C141,1,C,Type 2,30,2014-02-07,12345
458,C142,1,C,Type 1,20,2014-02-07,12345
459,C143,1,C,Type 2,25,2014-02-07,12345
460,C144,1,C,Type 1,20,2014-02-07,12345
461,C145,1,C,Type 1,25,2014-02-07,12345
462,C146,1,C,Type 1,15,2014-02-07,12345
463,C147,1,C,Type 1,30,2014-02-07,12345
464,C148,1,C,Type 3,20,2014-02-07,12345
465,C149,1,C,Type 3,25,2014-02-07,12345
466,C150,1,C,Type 2,25,2014-02-07,12345
467,C151,1,C,Type 3,20,2014-02-07,12345
468,C152,1,C,Type 1,15,2014-02-07,12345
469,C153,1,C,Type 2,20,2014-02-07,12345
470,C154,1,C,Type 1,30,2014-02-07,12345
471,C155,1,C,Type 1,20,2014-02-07,12345
472,C156,1,C,Type 5,30,2014-02-07,12345
473,C157,1,C,Type 3,35,2014-02-07,12345
474,C158,1,C,Type 2,15,2014-02-07,12345
475,C159,1,C,Type 2,15,2014-02-07,12345
476,C160,1,C,Type 3,20,2014-02-07,12345
477,C161,1,C,Type 3,20,2014-02-07,12345
478,C162,1,C,Type 2,30,2014-02-07,12345
479,C163,1,C,Type 1,20,2014-02-07,12345
480,C164,1,C,Type 2,25,2014-02-07,12345
481,C165,1,C,Type 1,30,2014-02-07,12345
482,C166,1,C,Type 2,25,2014-02-07,12345
483,C167,1,C,Type 3,10,2014-02-07,12345
484,C168,1,C,Type 2,15,2014-02-07,12345
485,C169,1,C,Type 2,15,2014-02-07,12345
486,C170,1,C,Type 3,25,2014-02-07,12345
487,C171,1,C,Type 3,15,2014-02-07,12345
488,C172,1,C,Type 1,15,2014-02-07,12345
489,C173,1,C,Type 1,20,2014-02-07,12345
490,C174,1,C,Type 3,30,2014-02-07,12345
491,C175,1,C,Type 3,20,2014-02-07,12345
492,C176,1,C,Type 1,20,2014-02-07,12345
493,C177,1,C,Type 4,25,2014-02-07,12345
494,C178,1,C,Type 1,20,2014-02-07,12345
495,C179,1,C,Type 1,10,2014-02-07,12345
496,C180,1,C,Type 2,30,2014-02-07,12345
497,C201,2,C,Type 2,15,2014-02-07,12345
498,C202,2,C,Type 1,10,2014-02-07,12345
499,C203,2,C,Type 2,20,2014-02-07,12345
500,C204,2,C,Type 2,20,2014-02-07,12345
501,C205,2,C,Type 1,30,2014-02-07,12345
502,C206,2,C,Type 1,25,2014-02-07,12345
503,C207,2,C,Type 1,25,2014-02-07,12345
504,C208,2,C,Type 2,40,2014-02-07,12345
505,C209,2,C,Type 4,10,2014-02-07,12345
506,C210,2,C,Type 2,20,2014-02-07,12345
507,C211,2,C,Type 1,15,2014-02-07,12345
508,C212,2,C,Type 3,20,2014-02-07,12345
509,C213,2,C,Type 3,15,2014-02-07,12345
510,C214,2,C,Type 3,20,2014-02-07,12345
511,C215,2,C,Type 1,20,2014-02-07,12345
512,C216,2,C,Type 3,20,2014-02-07,12345
513,C217,2,C,Type 1,20,2014-02-07,12345
514,C218,2,C,Type 3,15,2014-02-07,12345
515,C219,2,C,Type 3,20,2014-02-07,12345
516,C220,2,C,Type 1,15,2014-02-07,12345
517,C221,2,C,Type 1,30,2014-02-07,12345
518,C222,2,C,Type 2,15,2014-02-07,12345
519,C223,2,C,Type 1,15,2014-02-07,12345
520,C224,2,C,Type 1,20,2014-02-07,12345
521,C225,2,C,Type 3,30,2014-02-07,12345
522,C226,2,C,Type 2,20,2014-02-07,12345
523,C227,2,C,Type 2,15,2014-02-07,12345
524,C228,2,C,Type 1,20,2014-02-07,12345
525,C229,2,C,Type 1,20,2014-02-07,12345
526,C230,2,C,Type 3,20,2014-02-07,12345
527,C231,2,C,Type 1,10,2014-02-07,12345
528,C232,2,C,Type 4,35,2014-02-07,12345
529,C233,2,C,Type 4,35,2014-02-07,12345
530,C234,2,C,Type 2,15,2014-02-07,12345
531,C235,2,C,Type 2,10,2014-02-07,12345
532,C236,2,C,Type 2,20,2014-02-07,12345
533,C237,2,C,Type 2,20,2014-02-07,12345
534,C238,2,C,Type 3,20,2014-02-07,12345
535,C239,2,C,Type 2,25,2014-02-07,12345
536,C240,2,C,Type 2,15,2014-02-07,12345
537,C241,2,C,Type 1,15,2014-02-07,12345
538,C242,2,C,Type 2,25,2014-02-07,12345
539,C243,2,C,Type 1,30,2014-02-07,12345
540,C244,2,C,Type 3,15,2014-02-07,12345
541,C245,2,C,Type 1,20,2014-02-07,12345
542,C246,2,C,Type 2,15,2014-02-07,12345
543,C247,2,C,Type 1,20,2014-02-07,12345
544,C248,2,C,Type 2,25,2014-02-07,12345
545,C249,2,C,Type 1,30,2014-02-07,12345
546,C250,2,C,Type 2,15,2014-02-07,12345
547,C251,2,C,Type 1,15,2014-02-07,12345
548,C252,2,C,Type 2,25,2014-02-07,12345
549,C253,2,C,Type 3,40,2014-02-07,12345
550,C254,2,C,Type 1,20,2014-02-07,12345
551,C255,2,C,Type 2,20,2014-02-07,12345
552,C256,2,C,Type 3,20,2014-02-07,12345
553,C257,2,C,Type 2,20,2014-02-07,12345
554,C258,2,C,Type 2,20,2014-02-07,12345
555,C259,2,C,Type 3,10,2014-02-07,12345
556,C260,2,C,Type 1,30,2014-02-07,12345
557,C261,2,C,Type 2,25,2014-02-07,12345
558,C262,2,C,Type 2,30,2014-02-07,12345
559,C263,2,C,Type 1,25,2014-02-07,12345
560,C264,2,C,Type 2,25,2014-02-07,12345
561,C265,2,C,Type 1,15,2014-02-07,12345
562,C266,2,C,Type 2,10,2014-02-07,12345
563,C267,2,C,Type 1,15,2014-02-07,12345
564,C268,2,C,Type 2,15,2014-02-07,12345
565,C269,2,C,Type 4,25,2014-02-07,12345
566,C270,2,C,Type 1,25,2014-02-07,12345
567,C271,2,C,Type 2,20,2014-02-07,12345
568,C272,2,C,Type 4,30,2014-02-07,12345
569,C273,2,C,Type 1,15,2014-02-07,12345
570,C274,2,C,Type 4,20,2014-02-07,12345
571,C275,2,C,Type 2,15,2014-02-07,12345
572,C276,2,C,Type 2,35,2014-02-07,12345
573,C277,2,C,Type 3,20,2014-02-07,12345
574,C278,2,C,Type 1,20,2014-02-07,12345
575,C279,2,C,Type 2,25,2014-02-07,12345
576,C280,2,C,Type 1,40,2014-02-07,12345
577,C281,2,C,Type 2,15,2014-02-07,12345
578,C282,2,C,Type 2,15,2014-02-07,12345
579,C283,2,C,Type 2,15,2014-02-07,12345
580,C284,2,C,Type 1,15,2014-02-07,12345
581,C285,2,C,Type 3,20,2014-02-07,12345
582,C286,2,C,Type 2,15,2014-02-07,12345
583,C287,2,C,Type 1,25,2014-02-07,12345
584,C288,2,C,Type 1,10,2014-02-07,12345
585,C289,2,C,Type 2,10,2014-02-07,12345
586,C290,2,C,Type 1,25,2014-02-07,12345
587,C291,2,C,Type 1,20,2014-02-07,12345
588,C292,2,C,Type 2,30,2014-02-07,12345
589,C293,2,C,Type 3,20,2014-02-07,12345
590,C294,2,C,Type 5,15,2014-02-07,12345
591,C295,2,C,Type 2,15,2014-02-07,12345
592,C296,2,C,Type 2,10,2014-02-07,12345
593,C297,2,C,Type 1,20,2014-02-07,12345
594,C298,2,C,Type 4,25,2014-02-07,12345
595,C299,2,C,Type 5,30,2014-02-07,12345
596,C301,3,C,Type 1,15,2014-02-07,12345
597,C302,3,C,Type 1,20,2014-02-07,12345
598,C303,3,C,Type 2,25,2014-02-07,12345
599,C304,3,C,Type 2,15,2014-02-07,12345
600,C305,3,C,Type 3,10,2014-02-07,12345
601,C306,3,C,Type 2,10,2014-02-07,12345
602,C307,3,C,Type 2,35,2014-02-07,12345
603,C308,3,C,Type 3,15,2014-02-07,12345
604,C309,3,C,Type 3,20,2014-02-07,12345
605,C310,3,C,Type 3,25,2014-02-07,12345
606,C311,3,C,Type 3,15,2014-02-07,12345
607,C312,3,C,Type 1,20,2014-02-07,12345
608,C313,3,C,Type 4,10,2014-02-07,12345
609,C314,3,C,Type 2,20,2014-02-07,12345
610,C315,3,C,Type 1,20,2014-02-07,12345
611,C316,3,C,Type 2,25,2014-02-07,12345
612,C317,3,C,Type 2,20,2014-02-07,12345
613,C318,3,C,Type 2,20,2014-02-07,12345
614,C319,3,C,Type 3,20,2014-02-07,12345
615,C320,3,C,Type 2,15,2014-02-07,12345
616,C321,3,C,Type 2,10,2014-02-07,12345
617,C322,3,C,Type 2,35,2014-02-07,12345
618,C323,3,C,Type 1,15,2014-02-07,12345
619,C324,3,C,Type 1,10,2014-02-07,12345
620,C325,3,C,Type 4,20,2014-02-07,12345
621,C326,3,C,Type 1,15,2014-02-07,12345
622,C327,3,C,Type 2,15,2014-02-07,12345
623,C328,3,C,Type 1,30,2014-02-07,12345
624,C329,3,C,Type 1,15,2014-02-07,12345
625,C330,3,C,Type 1,15,2014-02-07,12345
626,C331,3,C,Type 2,10,2014-02-07,12345
627,C332,3,C,Type 2,10,2014-02-07,12345
628,C333,3,C,Type 1,20,2014-02-07,12345
629,C334,3,C,Type 2,15,2014-02-07,12345
630,C335,3,C,Type 4,10,2014-02-07,12345
631,C336,3,C,Type 2,10,2014-02-07,12345
632,C337,3,C,Type 1,15,2014-02-07,12345
633,C338,3,C,Type 1,20,2014-02-07,12345
634,C339,3,C,Type 4,15,2014-02-07,12345
635,C340,3,C,Type 3,35,2014-02-07,12345
636,C341,3,C,Type 3,25,2014-02-07,12345
637,C342,3,C,Type 2,20,2014-02-07,12345
638,C343,3,C,Type 3,20,2014-02-07,12345
639,C344,3,C,Type 3,10,2014-02-07,12345
640,C345,3,C,Type 2,25,2014-02-07,12345
641,C346,3,C,Type 2,20,2014-02-07,12345
642,C347,3,C,Type 2,20,2014-02-07,12345
643,C348,3,C,Type 2,25,2014-02-07,12345
644,C349,3,C,Type 1,35,2014-02-07,12345
645,C350,3,C,Type 2,20,2014-02-07,12345
646,C351,3,C,Type 2,10,2014-02-07,12345
647,C352,3,C,Type 2,15,2014-02-07,12345
648,C353,3,C,Type 3,25,2014-02-07,12345
649,C354,3,C,Type 1,30,2014-02-07,12345
650,C355,3,C,Type 3,30,2014-02-07,12345
651,C356,3,C,Type 2,15,2014-02-07,12345
652,C357,3,C,Type 2,15,2014-02-07,12345
653,C358,3,C,Type 1,25,2014-02-07,12345
654,C359,3,C,Type 2,20,2014-02-07,12345
655,C360,3,C,Type 1,15,2014-02-07,12345
656,C361,3,C,Type 1,15,2014-02-07,12345
657,C362,3,C,Type 1,15,2014-02-07,12345
658,C363,3,C,Type 2,25,2014-02-07,12345
659,C364,3,C,Type 1,25,2014-02-07,12345
660,C365,3,C,Type 1,15,2014-02-07,12345
661,C366,3,C,Type 3,15,2014-02-07,12345
662,C367,3,C,Type 2,25,2014-02-07,12345
663,C368,3,C,Type 2,25,2014-02-07,12345
664,C369,3,C,Type 1,25,2014-02-07,12345
665,C370,3,C,Type 1,25,2014-02-07,12345
666,C371,3,C,Type 3,20,2014-02-07,12345
667,C372,3,C,Type 2,25,2014-02-07,12345
668,C373,3,C,Type 1,25,2014-02-07,12345
669,C374,3,C,Type 2,25,2014-02-07,12345
670,C375,3,C,Type 1,10,2014-02-07,12345
671,C376,3,C,Type 3,40,2014-02-07,12345
672,C377,3,C,Type 3,15,2014-02-07,12345
673,C378,3,C,Type 3,35,2014-02-07,12345
674,C379,3,C,Type 4,25,2014-02-07,12345
675,C380,3,C,Type 2,10,2014-02-07,12345
676,C381,3,C,Type 1,35,2014-02-07,12345
677,C382,3,C,Type 1,15,2014-02-07,12345
678,C383,3,C,Type 4,15,2014-02-07,12345
679,C384,3,C,Type 3,20,2014-02-07,12345
680,C385,3,C,Type 3,25,2014-02-07,12345
681,C386,3,C,Type 3,25,2014-02-07,12345
682,C387,3,C,Type 1,30,2014-02-07,12345
683,C388,3,C,Type 1,20,2014-02-07,12345
684,C389,3,C,Type 1,10,2014-02-07,12345
685,C390,3,C,Type 2,20,2014-02-07,12345
686,C391,3,C,Type 2,15,2014-02-07,12345
687,C392,3,C,Type 3,10,2014-02-07,12345
688,C393,3,C,Type 1,30,2014-02-07,12345
689,C394,3,C,Type 2,20,2014-02-07,12345
690,C395,3,C,Type 2,25,2014-02-07,12345
691,C396,3,C,Type 1,15,2014-02-07,12345
692,C397,3,C,Type 2,15,2014-02-07,12345
693,C398,3,C,Type 2,20,2014-02-07,12345
694,C399,3,C,Type 1,25,2014-02-07,12345
695,C401,4,C,Type 2,20,2014-02-07,12345
696,C402,4,C,Type 3,15,2014-02-07,12345
697,C403,4,C,Type 4,20,2014-02-07,12345
698,C404,4,C,Type 3,20,2014-02-07,12345
699,C405,4,C,Type 1,10,2014-02-07,12345
700,C406,4,C,Type 2,15,2014-02-07,12345
701,C407,4,C,Type 1,15,2014-02-07,12345
702,C408,4,C,Type 1,15,2014-02-07,12345
703,C409,4,C,Type 4,20,2014-02-07,12345
704,C410,4,C,Type 3,35,2014-02-07,12345
705,C411,4,C,Type 1,25,2014-02-07,12345
706,C412,4,C,Type 1,30,2014-02-07,12345
707,C413,4,C,Type 3,30,2014-02-07,12345
708,C414,4,C,Type 2,25,2014-02-07,12345
709,C415,4,C,Type 3,30,2014-02-07,12345
710,C416,4,C,Type 3,30,2014-02-07,12345
711,C417,4,C,Type 1,15,2014-02-07,12345
712,C418,4,C,Type 2,10,2014-02-07,12345
713,C419,4,C,Type 1,15,2014-02-07,12345
714,C420,4,C,Type 1,15,2014-02-07,12345
715,C421,4,C,Type 1,10,2014-02-07,12345
716,C422,4,C,Type 2,10,2014-02-07,12345
717,C423,4,C,Type 2,10,2014-02-07,12345
718,C424,4,C,Type 1,30,2014-02-07,12345
719,C425,4,C,Type 4,25,2014-02-07,12345
720,C426,4,C,Type 5,25,2014-02-07,12345
721,C427,4,C,Type 3,25,2014-02-07,12345
722,C428,4,C,Type 2,15,2014-02-07,12345
723,C429,4,C,Type 1,35,2014-02-07,12345
724,C430,4,C,Type 1,25,2014-02-07,12345
725,C431,4,C,Type 2,15,2014-02-07,12345
726,C432,4,C,Type 1,20,2014-02-07,12345
727,C433,4,C,Type 2,15,2014-02-07,12345
728,C434,4,C,Type 2,15,2014-02-07,12345
729,C435,4,C,Type 1,15,2014-02-07,12345
730,C436,4,C,Type 3,15,2014-02-07,12345
731,C437,4,C,Type 2,20,2014-02-07,12345
732,C438,4,C,Type 3,10,2014-02-07,12345
733,C439,4,C,Type 2,20,2014-02-07,12345
734,C440,4,C,Type 2,15,2014-02-07,12345
735,C441,4,C,Type 2,10,2014-02-07,12345
736,C442,4,C,Type 2,20,2014-02-07,12345
737,C443,4,C,Type 1,30,2014-02-07,12345
738,C444,4,C,Type 2,20,2014-02-07,12345
739,C445,4,C,Type 1,25,2014-02-07,12345
740,C446,4,C,Type 1,40,2014-02-07,12345
741,C447,4,C,Type 2,30,2014-02-07,12345
742,C448,4,C,Type 2,20,2014-02-07,12345
743,C449,4,C,Type 2,35,2014-02-07,12345
744,C450,4,C,Type 1,30,2014-02-07,12345
745,C451,4,C,Type 2,15,2014-02-07,12345
746,C452,4,C,Type 4,15,2014-02-07,12345
747,C453,4,C,Type 1,30,2014-02-07,12345
748,C454,4,C,Type 2,25,2014-02-07,12345
749,C455,4,C,Type 1,15,2014-02-07,12345
750,C456,4,C,Type 1,20,2014-02-07,12345
751,C457,4,C,Type 1,10,2014-02-07,12345
752,C458,4,C,Type 1,15,2014-02-07,12345
753,C459,4,C,Type 2,10,2014-02-07,12345
754,C460,4,C,Type 5,20,2014-02-07,12345
755,C461,4,C,Type 1,25,2014-02-07,12345
756,C462,4,C,Type 4,15,2014-02-07,12345
757,C463,4,C,Type 4,20,2014-02-07,12345
758,C464,4,C,Type 3,20,2014-02-07,12345
759,C465,4,C,Type 1,25,2014-02-07,12345
760,C466,4,C,Type 1,15,2014-02-07,12345
761,C467,4,C,Type 1,20,2014-02-07,12345
762,C468,4,C,Type 3,25,2014-02-07,12345
763,C469,4,C,Type 2,25,2014-02-07,12345
764,C470,4,C,Type 5,15,2014-02-07,12345
765,C471,4,C,Type 2,15,2014-02-07,12345
766,C472,4,C,Type 2,20,2014-02-07,12345
767,C473,4,C,Type 1,15,2014-02-07,12345
768,C474,4,C,Type 5,25,2014-02-07,12345
769,C475,4,C,Type 1,15,2014-02-07,12345
770,C476,4,C,Type 2,20,2014-02-07,12345
771,C477,4,C,Type 2,25,2014-02-07,12345
772,C478,4,C,Type 1,10,2014-02-07,12345
773,C479,4,C,Type 1,15,2014-02-07,12345
774,C480,4,C,Type 1,20,2014-02-07,12345
775,C481,4,C,Type 2,10,2014-02-07,12345
776,C482,4,C,Type 4,35,2014-02-07,12345
777,C483,4,C,Type 2,25,2014-02-07,12345
778,C484,4,C,Type 2,20,2014-02-07,12345
779,C485,4,C,Type 1,15,2014-02-07,12345
780,C486,4,C,Type 3,20,2014-02-07,12345
781,C487,4,C,Type 1,15,2014-02-07,12345
782,C488,4,C,Type 1,35,2014-02-07,12345
783,C489,4,C,Type 3,15,2014-02-07,12345
784,C490,4,C,Type 3,35,2014-02-07,12345
785,C491,4,C,Type 3,15,2014-02-07,12345
786,C492,4,C,Type 2,20,2014-02-07,12345
